,STATE,RANK,DATE,TOTAL CASES,BLACK CASES,HISPANIC CASES,WHITE CASES,BLACK CI,HISPANIC CI,WHITE CI
0,ARIZONA,18,6/17,30097.0,1045.0,10046.0,6892.0,282.0,437.0,174.0
1,ARIZONA,18,6/22,54586.0,1382.0,14165.0,9040.0,372.0,616.0,228.0
2,ARIZONA,18,6/26,63030.0,1537.0,16083.0,10209.0,414.0,699.0,258.0
3,ARIZONA,18,6/30,79215.0,1749.0,18973.0,12417.0,471.0,825.0,314.0
4,ARIZONA,18,7/02,87425.0,1933.0,20606.0,13770.0,521.0,896.0,348.0
5,ARIZONA,18,7/07,105094.0,2204.0,23648.0,15923.0,594.0,1028.0,402.0
6,ARIZONA,18,7/10,116892.0,2628.0,27435.0,19142.0,708.0,1193.0,483.0
7,ARIZONA,18,7/14,128097.0,2818.0,29625.0,20807.0,759.0,1288.0,525.0
8,ARIZONA,18,7/17,138523.0,2991.0,31974.0,22271.0,806.0,1390.0,562.0
9,ARIZONA,18,7/21,148683.0,3207.0,34047.0,23831.0,864.0,1480.0,602.0
10,ARIZONA,18,7/24,152944.0,3303.0,35280.0,24532.0,890.0,1534.0,620.0
11,ARIZONA,18,7/28,165934.0,3740.0,38027.0,28597.0,1008.0,1653.0,722.0
12,ARIZONA,18,7/31,170798.0,3915.0,39655.0,29738.0,1055.0,1724.0,751.0
13,ARIZONA,18,8/04,179497.0,4089.0,42563.0,31004.0,1102.0,1851.0,783.0
14,ARIZONA,18,8/07,183647.0,4406.0,45585.0,33050.0,1187.0,1982.0,835.0
15,ARIZONA,18,8/11,188737.0,4614.0,47699.0,34234.0,1243.0,2074.0,865.0
16,ARIZONA,18,8/14,190794.0,4721.0,48679.0,34943.0,1272.0,2116.0,882.0
17,ARIZONA,18,8/18,194005.0,4824.0,49967.0,35789.0,1300.0,2172.0,904.0
18,ARIZONA,18,8/21,196899.0,5799.0,58289.0,45080.0,1562.0,2534.0,1138.0
19,ARIZONA,18,8/25,199273.0,5851.0,59022.0,45460.0,1576.0,2566.0,1148.0
20,ARIZONA,18,8/28,201661.0,6016.0,60796.0,46718.0,1621.0,2643.0,1180.0
21,ARIZONA,18,9/01,202342.0,999.0,7938.0,7609.0,269.0,345.0,192.0
22,ARIZONA,18,9/04,204681.0,6133.0,61734.0,47440.0,1652.0,2684.0,1198.0
23,ARIZONA,18,9/08,206045.0,6169.0,62161.0,48110.0,1662.0,2703.0,1215.0
24,ARIZONA,18,9/11,207523.0,6200.0,62555.0,48598.0,1670.0,2720.0,1227.0
25,ARIZONA,18,9/15,209209.0,6328.0,63537.0,50108.0,1705.0,2762.0,1265.0
26,ARIZONA,18,9/18,212942.0,6467.0,65180.0,51856.0,1742.0,2834.0,1310.0
27,ARIZONA,18,9/22,214846.0,6500.0,65664.0,52718.0,1751.0,2855.0,1331.0
28,CALIFORNIA,50,6/17,109020.0,5043.0,61492.0,19424.0,196.0,396.0,134.0
29,CALIFORNIA,50,6/22,173824.0,5485.0,69392.0,21177.0,214.0,447.0,146.0
30,CALIFORNIA,50,6/26,195571.0,5981.0,76036.0,22871.0,233.0,490.0,157.0
31,CALIFORNIA,50,6/30,222917.0,6557.0,83658.0,25250.0,255.0,539.0,174.0
32,CALIFORNIA,50,7/02,232657.0,6774.0,86009.0,26127.0,264.0,554.0,180.0
33,CALIFORNIA,50,7/07,271684.0,7693.0,97599.0,30519.0,300.0,629.0,210.0
34,CALIFORNIA,50,7/10,296499.0,8336.0,104040.0,33275.0,325.0,670.0,229.0
35,CALIFORNIA,50,7/14,329162.0,9196.0,115828.0,37400.0,358.0,746.0,257.0
36,CALIFORNIA,50,7/17,356178.0,9963.0,125858.0,40603.0,388.0,811.0,279.0
37,CALIFORNIA,50,7/21,391538.0,10866.0,140066.0,44276.0,423.0,902.0,305.0
38,CALIFORNIA,50,7/24,425616.0,11717.0,150960.0,47871.0,456.0,972.0,329.0
39,CALIFORNIA,50,7/28,460550.0,12741.0,165201.0,51728.0,496.0,1064.0,356.0
40,CALIFORNIA,50,7/31,485582.0,13382.0,176527.0,54219.0,521.0,1137.0,373.0
41,CALIFORNIA,50,8/04,514901.0,14149.0,191958.0,57183.0,551.0,1236.0,393.0
42,CALIFORNIA,50,8/07,529980.0,14691.0,201559.0,59102.0,572.0,1298.0,406.0
43,CALIFORNIA,50,8/11,561911.0,15622.0,216008.0,62441.0,608.0,1391.0,429.0
44,CALIFORNIA,50,8/14,593141.0,16390.0,226715.0,65396.0,638.0,1460.0,450.0
45,CALIFORNIA,50,8/18,628031.0,17496.0,240925.0,69364.0,681.0,1552.0,477.0
46,CALIFORNIA,50,8/21,421143.0,18043.0,249313.0,71233.0,703.0,1606.0,490.0
47,CALIFORNIA,50,8/25,668615.0,18817.0,262106.0,74224.0,733.0,1688.0,510.0
48,CALIFORNIA,50,8/28,683529.0,19321.0,269683.0,76255.0,752.0,1737.0,524.0
49,CALIFORNIA,50,9/01,707797.0,20098.0,282690.0,79526.0,783.0,1820.0,547.0
50,CALIFORNIA,50,9/04,717177.0,19124.0,251261.0,76411.0,745.0,1618.0,526.0
51,CALIFORNIA,50,9/08,735235.0,21216.0,299981.0,83745.0,826.0,1932.0,576.0
52,CALIFORNIA,50,9/11,742865.0,21575.0,305364.0,85124.0,840.0,1966.0,585.0
53,CALIFORNIA,50,9/15,760013.0,20733.0,275183.0,83070.0,807.0,1772.0,571.0
54,CALIFORNIA,50,9/18,766201.0,22454.0,320694.0,89200.0,874.0,2065.0,613.0
55,CALIFORNIA,50,9/22,781694.0,23014.0,329643.0,91656.0,896.0,2123.0,630.0
56,COLORADO,41,6/17,29442.0,1693.0,11356.0,10113.0,639.0,909.0,259.0
57,COLORADO,41,6/22,30539.0,1729.0,11693.0,10490.0,653.0,936.0,268.0
58,COLORADO,41,6/26,31749.0,1746.0,12115.0,10960.0,659.0,969.0,280.0
59,COLORADO,41,6/30,32511.0,1762.0,12289.0,11151.0,665.0,983.0,285.0
60,COLORADO,41,7/02,33209.0,1777.0,12495.0,11417.0,671.0,1000.0,292.0
61,COLORADO,41,7/07,34257.0,1809.0,12905.0,11668.0,683.0,1033.0,298.0
62,COLORADO,41,7/10,35525.0,1854.0,13318.0,12061.0,700.0,1066.0,308.0
63,COLORADO,41,7/14,37242.0,1911.0,13817.0,12603.0,721.0,1106.0,322.0
64,COLORADO,41,7/17,38726.0,1948.0,14205.0,13008.0,735.0,1137.0,333.0
65,COLORADO,41,7/21,40566.0,2004.0,14734.0,13504.0,757.0,1179.0,345.0
66,COLORADO,41,7/24,42314.0,2048.0,15225.0,13951.0,773.0,1218.0,357.0
67,COLORADO,41,7/28,44565.0,2108.0,15945.0,14510.0,796.0,1276.0,371.0
68,COLORADO,41,7/31,46204.0,2139.0,16435.0,13984.0,807.0,1315.0,358.0
69,COLORADO,41,8/04,47968.0,2446.0,18453.0,17643.0,923.0,1477.0,451.0
70,COLORADO,41,8/07,49436.0,2462.0,18860.0,17995.0,929.0,1509.0,460.0
71,COLORADO,41,8/11,51039.0,2521.0,19568.0,18706.0,952.0,1566.0,478.0
72,COLORADO,41,8/14,52219.0,2188.0,20036.0,19258.0,826.0,1603.0,493.0
73,COLORADO,41,8/18,53370.0,2594.0,20499.0,19662.0,979.0,1640.0,503.0
74,COLORADO,41,8/21,54230.0,2625.0,20857.0,19995.0,991.0,1669.0,511.0
75,COLORADO,41,8/25,55341.0,2667.0,21256.0,20404.0,1007.0,1701.0,522.0
76,COLORADO,41,8/28,57223.0,2707.0,21813.0,20881.0,1022.0,1746.0,534.0
77,COLORADO,41,9/01,57424.0,2716.0,21861.0,20954.0,1025.0,1749.0,536.0
78,COLORADO,41,9/04,58287.0,2751.0,22271.0,21525.0,1039.0,1782.0,550.0
79,COLORADO,41,9/08,59487.0,2772.0,22593.0,21856.0,1046.0,1808.0,559.0
80,COLORADO,41,9/11,60185.0,2799.0,22912.0,22335.0,1056.0,1834.0,571.0
81,COLORADO,41,9/15,62099.0,2832.0,23449.0,23070.0,1069.0,1876.0,590.0
82,COLORADO,41,9/18,63750.0,2837.0,23779.0,1049.0,1071.0,1903.0,27.0
83,COLORADO,41,9/22,66053.0,2873.0,24446.0,24552.0,1085.0,1956.0,628.0
84,FLORIDA,2,6/17,80109.0,15300.0,28446.0,43000.0,510.0,673.0,427.0
85,FLORIDA,2,6/22,100217.0,17900.0,34111.0,48500.0,597.0,808.0,482.0
86,FLORIDA,2,6/26,114018.0,19983.0,37927.0,54402.0,666.0,898.0,541.0
87,FLORIDA,2,6/30,152434.0,24401.0,45445.0,66552.0,813.0,1076.0,662.0
88,FLORIDA,2,7/02,169106.0,26689.0,49266.0,72493.0,890.0,1166.0,721.0
89,FLORIDA,2,7/07,213794.0,32307.0,58115.0,86844.0,1077.0,1376.0,863.0
90,FLORIDA,2,7/10,244151.0,36943.0,64764.0,97400.0,1231.0,1533.0,968.0
91,FLORIDA,2,7/14,282435.0,41811.0,71366.0,107783.0,1394.0,1690.0,1071.0
92,FLORIDA,2,7/17,315693.0,46554.0,78859.0,119612.0,1552.0,1867.0,1189.0
93,FLORIDA,2,7/21,369834.0,53988.0,90815.0,137178.0,1800.0,2150.0,1364.0
94,FLORIDA,2,7/24,389868.0,56696.0,95583.0,143931.0,1890.0,2263.0,1431.0
95,FLORIDA,2,7/28,441977.0,64277.0,109867.0,164075.0,2143.0,2601.0,1631.0
96,FLORIDA,2,7/31,461379.0,67410.0,116545.0,173238.0,2247.0,2759.0,1722.0
97,FLORIDA,2,8/04,491884.0,72237.0,126448.0,186600.0,2408.0,2994.0,1855.0
98,FLORIDA,2,8/07,510389.0,75772.0,133539.0,197198.0,2526.0,3162.0,1960.0
99,FLORIDA,2,8/11,536961.0,80277.0,142077.0,209639.0,2676.0,3364.0,2084.0
100,FLORIDA,2,8/14,557137.0,83789.0,149227.0,220237.0,2793.0,3533.0,2189.0
101,FLORIDA,2,8/18,579932.0,87973.0,158723.0,234273.0,2933.0,3758.0,2329.0
102,FLORIDA,2,8/21,593286.0,90742.0,165306.0,243452.0,3025.0,3914.0,2420.0
103,FLORIDA,2,8/25,605502.0,93040.0,170347.0,250940.0,3101.0,4033.0,2494.0
104,FLORIDA,2,8/28,611991.0,94636.0,178553.0,255146.0,3155.0,4227.0,2536.0
105,FLORIDA,2,9/01,631040.0,96966.0,178795.0,264331.0,3232.0,4233.0,2627.0
106,FLORIDA,2,9/04,637013.0,97908.0,181250.0,268768.0,3264.0,4291.0,2672.0
107,FLORIDA,2,9/08,648269.0,99741.0,184758.0,276210.0,3325.0,4374.0,2746.0
108,FLORIDA,2,9/11,654731.0,100840.0,187425.0,281117.0,3361.0,4437.0,2794.0
109,FLORIDA,2,9/15,668846.0,102926.0,191529.0,290265.0,3431.0,4535.0,2885.0
110,FLORIDA,2,9/18,674456.0,103767.0,193268.0,293917.0,3459.0,4576.0,2922.0
111,FLORIDA,2,9/22,687909.0,105963.0,193268.0,302728.0,3532.0,4576.0,3009.0
112,GEORGIA,20,6/17,59078.0,15214.0,8896.0,12840.0,442.0,855.0,231.0
113,GEORGIA,20,6/22,64701.0,16523.0,10299.0,21803.0,480.0,990.0,392.0
114,GEORGIA,20,6/26,71095.0,21174.0,11819.0,24259.0,616.0,1136.0,436.0
115,GEORGIA,20,6/30,79417.0,22417.0,12725.0,19917.0,652.0,1223.0,358.0
116,GEORGIA,20,7/02,84237.0,23675.0,13645.0,21260.0,688.0,1311.0,382.0
117,GEORGIA,20,7/07,97064.0,26615.0,14997.0,23708.0,774.0,1441.0,426.0
118,GEORGIA,20,7/10,106727.0,28493.0,15927.0,25558.0,828.0,1531.0,459.0
119,GEORGIA,20,7/14,120569.0,31809.0,17465.0,28381.0,925.0,1679.0,510.0
120,GEORGIA,20,7/17,131275.0,34130.0,18563.0,30619.0,992.0,1784.0,550.0
121,GEORGIA,20,7/21,145575.0,31666.0,19647.0,28260.0,921.0,1888.0,508.0
122,GEORGIA,20,7/24,156588.0,40364.0,21123.0,36171.0,1173.0,2030.0,650.0
123,GEORGIA,20,7/28,170843.0,43463.0,22445.0,38946.0,1263.0,2157.0,700.0
124,GEORGIA,20,7/31,182286.0,39679.0,23959.0,35468.0,1153.0,2303.0,638.0
125,GEORGIA,20,8/04,195435.0,49207.0,25148.0,44962.0,1430.0,2417.0,808.0
126,GEORGIA,20,8/07,204895.0,51715.0,26379.0,47823.0,1503.0,2535.0,860.0
127,GEORGIA,20,8/11,219025.0,54729.0,27616.0,51009.0,1591.0,2654.0,917.0
128,GEORGIA,20,8/14,228668.0,57952.0,28775.0,67891.0,1685.0,2765.0,1220.0
129,GEORGIA,20,8/18,238861.0,60821.0,29888.0,72083.0,1768.0,2872.0,1296.0
130,GEORGIA,20,8/21,246741.0,63371.0,31024.0,76198.0,1842.0,2982.0,1370.0
131,GEORGIA,20,8/25,256253.0,66314.0,32143.0,80261.0,1928.0,3089.0,1443.0
132,GEORGIA,20,8/28,263074.0,68293.0,33375.0,84477.0,1985.0,3208.0,1518.0
133,GEORGIA,20,9/01,272697.0,70642.0,34837.0,90324.0,2054.0,3348.0,1624.0
134,GEORGIA,20,9/04,277288.0,71803.0,35540.0,93404.0,2087.0,3416.0,1679.0
135,GEORGIA,20,9/08,283807.0,73068.0,36299.0,96676.0,2124.0,3489.0,1738.0
136,GEORGIA,20,9/11,289123.0,74439.0,36920.0,99910.0,2164.0,3548.0,1796.0
137,GEORGIA,20,9/15,296833.0,76777.0,37895.0,104241.0,2232.0,3642.0,1874.0
138,GEORGIA,20,9/18,300903.0,77873.0,38349.0,106455.0,2264.0,3686.0,1913.0
139,GEORGIA,20,9/22,307339.0,79483.0,39055.0,109892.0,2311.0,3753.0,1975.0
140,ILLINOIS,46,6/17,133639.0,22169.0,43441.0,26622.0,1198.0,1970.0,344.0
141,ILLINOIS,46,6/22,136762.0,22949.0,44647.0,27901.0,1240.0,2025.0,361.0
142,ILLINOIS,46,6/26,139434.0,23369.0,45576.0,28790.0,1263.0,2067.0,372.0
143,ILLINOIS,46,6/30,142461.0,23889.0,46385.0,29684.0,1291.0,2104.0,384.0
144,ILLINOIS,46,7/02,144013.0,,,,,,
145,ILLINOIS,46,7/07,147865.0,24783.0,47778.0,31328.0,1340.0,2167.0,405.0
146,ILLINOIS,46,7/10,150450.0,25255.0,48338.0,32364.0,1365.0,2192.0,419.0
147,ILLINOIS,46,7/14,154799.0,25984.0,49110.0,33715.0,1404.0,2227.0,436.0
148,ILLINOIS,46,7/17,157950.0,26536.0,49745.0,34902.0,1434.0,2256.0,452.0
149,ILLINOIS,46,7/21,162748.0,27337.0,50547.0,36561.0,1478.0,2292.0,473.0
150,ILLINOIS,46,7/24,166925.0,27933.0,51304.0,37958.0,1510.0,2327.0,491.0
151,ILLINOIS,46,7/28,173731.0,28884.0,52496.0,40333.0,1561.0,2381.0,522.0
152,ILLINOIS,46,7/31,176896.0,29321.0,53113.0,41597.0,1585.0,2409.0,538.0
153,ILLINOIS,46,8/04,183241.0,30102.0,54475.0,43917.0,1627.0,2471.0,568.0
154,ILLINOIS,46,8/07,188424.0,30795.0,55587.0,46010.0,1665.0,2521.0,595.0
155,ILLINOIS,46,8/11,195399.0,31579.0,57142.0,48553.0,1707.0,2592.0,628.0
156,ILLINOIS,46,8/14,200427.0,32172.0,58189.0,50480.0,1739.0,2639.0,653.0
157,ILLINOIS,46,8/18,207854.0,32919.0,59507.0,52987.0,1779.0,2699.0,685.0
158,ILLINOIS,46,8/21,213721.0,33488.0,60818.0,55280.0,1810.0,2758.0,715.0
159,ILLINOIS,46,8/25,221790.0,34114.0,62364.0,58089.0,1844.0,2828.0,751.0
160,ILLINOIS,46,8/28,227334.0,34665.0,63383.0,60421.0,1874.0,2875.0,782.0
161,ILLINOIS,46,9/01,236515.0,35318.0,65133.0,63705.0,1909.0,2954.0,824.0
162,ILLINOIS,46,9/04,240003.0,35628.0,65669.0,65119.0,1926.0,2978.0,842.0
163,ILLINOIS,46,9/08,250961.0,36427.0,67400.0,69243.0,1969.0,3057.0,896.0
164,ILLINOIS,46,9/11,255643.0,36786.0,68206.0,71376.0,1988.0,3093.0,923.0
165,ILLINOIS,46,9/15,264210.0,37414.0,69827.0,74972.0,2022.0,3167.0,970.0
166,ILLINOIS,46,9/18,268207.0,37777.0,70643.0,76672.0,2042.0,3204.0,992.0
167,ILLINOIS,46,9/22,277266.0,38467.0,72296.0,80118.0,2079.0,3279.0,1036.0
168,IOWA,6,6/17,24263.0,2426.0,6544.0,14800.0,1922.0,3345.0,550.0
169,IOWA,6,6/22,26050.0,2605.0,6773.0,16151.0,2064.0,3462.0,600.0
170,IOWA,6,6/26,27473.0,2747.0,7143.0,17308.0,2177.0,3652.0,643.0
171,IOWA,6,6/30,28947.0,2605.0,7237.0,18526.0,2064.0,3700.0,688.0
172,IOWA,6,7/02,29966.0,2697.0,7192.0,18879.0,2137.0,3677.0,701.0
173,IOWA,6,7/07,31929.0,2874.0,7663.0,20435.0,2277.0,3917.0,759.0
174,IOWA,6,7/10,33756.0,3038.0,7764.0,21604.0,2407.0,3969.0,803.0
175,IOWA,6,7/14,35830.0,3184.0,7883.0,23290.0,2523.0,4030.0,865.0
176,IOWA,6,7/17,37616.0,3009.0,7899.0,24450.0,2384.0,4038.0,908.0
177,IOWA,6,7/21,39149.0,3132.0,8221.0,26016.0,2482.0,4203.0,967.0
178,IOWA,6,7/24,40960.0,3277.0,8192.0,27443.0,2597.0,4188.0,1020.0
179,IOWA,6,7/28,42752.0,3420.0,8550.0,28644.0,2710.0,4371.0,1064.0
180,IOWA,6,7/31,44436.0,3555.0,8887.0,29772.0,2817.0,4543.0,1106.0
181,IOWA,6,8/04,45982.0,3679.0,8737.0,31268.0,2915.0,4466.0,1162.0
182,IOWA,6,8/07,47729.0,3341.0,9069.0,32456.0,2647.0,4636.0,1206.0
183,IOWA,6,8/11,49182.0,3443.0,9345.0,33936.0,2728.0,4777.0,1261.0
184,IOWA,6,8/14,50813.0,3557.0,9146.0,35061.0,2818.0,4676.0,1303.0
185,IOWA,6,8/18,52924.0,3705.0,9526.0,36518.0,2936.0,4870.0,1357.0
186,IOWA,6,8/21,54653.0,3826.0,9291.0,37164.0,3032.0,4750.0,1381.0
187,IOWA,6,8/25,57076.0,3995.0,9703.0,39382.0,3166.0,4960.0,1463.0
188,IOWA,6,8/28,60432.0,4230.0,9669.0,41094.0,3352.0,4943.0,1527.0
189,IOWA,6,9/01,63890.0,4472.0,9584.0,44084.0,3544.0,4899.0,1638.0
190,IOWA,6,9/04,66353.0,3981.0,9953.0,45120.0,3155.0,5088.0,1677.0
191,IOWA,6,9/08,68930.0,4136.0,10340.0,46872.0,3277.0,5286.0,1742.0
192,IOWA,6,9/11,70914.0,4255.0,10637.0,48931.0,3371.0,5438.0,1818.0
193,IOWA,6,9/15,73278.0,4397.0,10259.0,51295.0,3484.0,5244.0,1906.0
194,IOWA,6,9/18,76000.0,4560.0,10640.0,52440.0,3613.0,5439.0,1949.0
195,IOWA,6,9/22,78812.0,4729.0,11034.0,55168.0,3747.0,5641.0,2050.0
196,MAINE,22,6/17,2836.0,669.0,78.0,1697.0,3111.0,341.0,136.0
197,MAINE,22,6/22,2957.0,719.0,89.0,1751.0,3343.0,389.0,140.0
198,MAINE,22,6/26,3102.0,745.0,105.0,1840.0,3464.0,459.0,147.0
199,MAINE,22,6/30,3253.0,771.0,117.0,1921.0,3585.0,512.0,154.0
200,MAINE,22,7/02,3328.0,790.0,121.0,1962.0,3673.0,529.0,157.0
201,MAINE,22,7/07,3440.0,802.0,129.0,2030.0,3729.0,565.0,162.0
202,MAINE,22,7/10,3499.0,812.0,137.0,2079.0,3776.0,600.0,166.0
203,MAINE,22,7/14,3566.0,824.0,140.0,2147.0,3831.0,613.0,172.0
204,MAINE,22,7/17,3636.0,836.0,145.0,2187.0,3887.0,635.0,175.0
205,MAINE,22,7/21,3723.0,843.0,147.0,2247.0,3920.0,643.0,180.0
206,MAINE,22,7/24,3757.0,854.0,148.0,2284.0,3971.0,648.0,183.0
207,MAINE,22,7/28,3838.0,862.0,150.0,2347.0,4008.0,656.0,188.0
208,MAINE,22,7/31,3888.0,869.0,154.0,2387.0,4041.0,674.0,191.0
209,MAINE,22,8/04,3975.0,885.0,162.0,2447.0,4115.0,709.0,196.0
210,MAINE,22,8/07,4014.0,887.0,168.0,2474.0,4124.0,735.0,198.0
211,MAINE,22,8/11,4050.0,893.0,169.0,2511.0,4152.0,740.0,201.0
212,MAINE,22,8/14,4115.0,902.0,176.0,2551.0,4194.0,770.0,204.0
213,MAINE,22,8/18,4231.0,919.0,179.0,2628.0,4273.0,783.0,210.0
214,MAINE,22,8/21,4285.0,922.0,183.0,2692.0,4287.0,801.0,215.0
215,MAINE,22,8/25,4368.0,925.0,184.0,2778.0,4301.0,805.0,222.0
216,MAINE,22,8/28,4512.0,934.0,190.0,2880.0,4343.0,831.0,230.0
217,MAINE,22,9/01,4548.0,934.0,191.0,2906.0,4343.0,836.0,232.0
218,MAINE,22,9/04,4632.0,939.0,190.0,2967.0,4366.0,831.0,237.0
219,MAINE,22,9/08,4713.0,945.0,191.0,3041.0,4394.0,836.0,243.0
220,MAINE,22,9/11,4792.0,950.0,194.0,3126.0,4417.0,849.0,250.0
221,MAINE,22,9/15,4918.0,959.0,198.0,3231.0,4459.0,866.0,258.0
222,MAINE,22,9/18,5005.0,961.0,199.0,3307.0,4468.0,871.0,264.0
223,MAINE,22,9/22,5146.0,966.0,201.0,3419.0,4492.0,880.0,273.0
224,MARYLAND,32,6/17,62409.0,18017.0,17020.0,12244.0,964.0,2707.0,401.0
225,MARYLAND,32,6/22,64603.0,18657.0,17580.0,12693.0,999.0,2796.0,416.0
226,MARYLAND,32,6/26,66115.0,18990.0,17918.0,12952.0,1017.0,2850.0,424.0
227,MARYLAND,32,6/30,67559.0,19349.0,18229.0,19349.0,1036.0,2899.0,634.0
228,MARYLAND,32,7/02,68423.0,19474.0,18289.0,13380.0,1042.0,2909.0,438.0
229,MARYLAND,32,7/07,70396.0,20157.0,18690.0,13945.0,1079.0,2973.0,457.0
230,MARYLAND,32,7/10,71910.0,20695.0,19261.0,14441.0,1108.0,3063.0,473.0
231,MARYLAND,32,7/14,74260.0,21525.0,19701.0,15161.0,1152.0,3133.0,497.0
232,MARYLAND,32,7/17,76371.0,22225.0,20063.0,15846.0,1190.0,3191.0,519.0
233,MARYLAND,32,7/21,79545.0,23414.0,20485.0,16799.0,1253.0,3258.0,550.0
234,MARYLAND,32,7/24,81766.0,24310.0,20795.0,17486.0,1301.0,3307.0,573.0
235,MARYLAND,32,7/28,85524.0,25880.0,21228.0,18540.0,1385.0,3376.0,607.0
236,MARYLAND,32,7/31,88346.0,27055.0,21593.0,19364.0,1448.0,3434.0,634.0
237,MARYLAND,32,8/04,91144.0,28163.0,21896.0,20140.0,1508.0,3482.0,660.0
238,MARYLAND,32,8/07,93806.0,28784.0,23367.0,20294.0,1541.0,3716.0,665.0
239,MARYLAND,32,8/11,96258.0,29964.0,23812.0,20967.0,1604.0,3787.0,687.0
240,MARYLAND,32,8/14,98875.0,31356.0,24465.0,21800.0,1678.0,3891.0,714.0
241,MARYLAND,32,8/18,101235.0,32296.0,24809.0,22450.0,1729.0,3946.0,735.0
242,MARYLAND,32,8/21,102899.0,32910.0,25069.0,22944.0,1762.0,3987.0,752.0
243,MARYLAND,32,8/25,105046.0,33622.0,25419.0,23574.0,1800.0,4043.0,772.0
244,MARYLAND,32,8/28,106664.0,34105.0,25669.0,24102.0,1826.0,4083.0,789.0
245,MARYLAND,32,9/01,108863.0,35080.0,24872.0,25309.0,1878.0,3956.0,829.0
246,MARYLAND,32,9/04,110831.0,35652.0,25106.0,26162.0,1908.0,3993.0,857.0
247,MARYLAND,32,9/08,113239.0,36403.0,25356.0,27104.0,1949.0,4033.0,888.0
248,MARYLAND,32,9/11,114724.0,36811.0,25534.0,27655.0,1970.0,4061.0,906.0
249,MARYLAND,32,9/15,117245.0,37451.0,25852.0,28642.0,2005.0,4112.0,938.0
250,MARYLAND,32,9/18,119062.0,37992.0,26124.0,29269.0,2034.0,4155.0,959.0
251,MARYLAND,32,9/22,120912.0,38481.0,26382.0,29945.0,2060.0,4196.0,981.0
252,MICHIGAN,42,6/17,66269.0,18861.0,4639.0,23101.0,1339.0,893.0,309.0
253,MICHIGAN,42,6/22,67711.0,19137.0,5417.0,23744.0,1359.0,1043.0,317.0
254,MICHIGAN,42,6/26,68989.0,19356.0,5519.0,24384.0,1375.0,1063.0,326.0
255,MICHIGAN,42,6/30,70223.0,19554.0,5618.0,25040.0,1389.0,1082.0,335.0
256,MICHIGAN,42,7/02,64132.0,19702.0,5131.0,25429.0,1399.0,988.0,340.0
257,MICHIGAN,42,7/07,73269.0,20006.0,5862.0,26424.0,1421.0,1129.0,353.0
258,MICHIGAN,42,7/10,75063.0,20310.0,6005.0,27336.0,1442.0,1156.0,365.0
259,MICHIGAN,42,7/14,77198.0,20632.0,6176.0,28362.0,1465.0,1189.0,379.0
260,MICHIGAN,42,7/17,79839.0,21018.0,6387.0,29480.0,1493.0,1230.0,394.0
261,MICHIGAN,42,7/21,82395.0,21376.0,6592.0,30672.0,1518.0,1269.0,410.0
262,MICHIGAN,42,7/24,84413.0,21702.0,6753.0,31818.0,1541.0,1300.0,425.0
263,MICHIGAN,42,7/28,87173.0,21946.0,5230.0,33022.0,1559.0,1007.0,441.0
264,MICHIGAN,42,7/31,89781.0,22266.0,7182.0,34328.0,1581.0,1383.0,459.0
265,MICHIGAN,42,8/04,92374.0,22523.0,7390.0,35613.0,1599.0,1423.0,476.0
266,MICHIGAN,42,8/07,94656.0,7572.0,22739.0,36872.0,538.0,4379.0,493.0
267,MICHIGAN,42,8/11,97306.0,22937.0,7784.0,38118.0,1629.0,1499.0,510.0
268,MICHIGAN,42,8/14,,23157.0,,39538.0,1645.0,,529.0
269,MICHIGAN,42,8/18,102749.0,23468.0,8220.0,40959.0,1667.0,1583.0,548.0
270,MICHIGAN,42,8/21,104618.0,23683.0,8369.0,42161.0,1682.0,1612.0,564.0
271,MICHIGAN,42,8/25,107686.0,15887.0,8615.0,43712.0,1128.0,1659.0,584.0
272,MICHIGAN,42,8/28,110343.0,24133.0,8827.0,45353.0,1714.0,1700.0,606.0
273,MICHIGAN,42,9/01,113820.0,24430.0,,47671.0,1735.0,,637.0
274,MICHIGAN,42,9/04,115242.0,24571.0,9219.0,48582.0,1745.0,1775.0,649.0
275,MICHIGAN,42,9/08,118403.0,24809.0,9472.0,50309.0,1762.0,1824.0,673.0
276,MICHIGAN,42,9/11,120846.0,25049.0,9668.0,51918.0,1779.0,1862.0,694.0
277,MICHIGAN,42,9/15,124969.0,25403.0,9998.0,54406.0,1804.0,1925.0,727.0
278,MICHIGAN,42,9/18,126722.0,25528.0,10138.0,55556.0,1813.0,1952.0,743.0
279,MICHIGAN,42,9/22,129662.0,25723.0,10373.0,57409.0,1827.0,1997.0,767.0
280,MISSISSIPPI,21,6/17,20152.0,9785.0,1113.0,5198.0,870.0,1100.0,309.0
281,MISSISSIPPI,21,6/22,20641.0,10671.0,1111.0,5466.0,949.0,1098.0,325.0
282,MISSISSIPPI,21,6/26,24516.0,12317.0,1300.0,6792.0,1095.0,1285.0,404.0
283,MISSISSIPPI,21,6/30,27247.0,12276.0,1425.0,6443.0,1091.0,1408.0,383.0
284,MISSISSIPPI,21,7/02,27900.0,12438.0,1444.0,6554.0,1106.0,1427.0,390.0
285,MISSISSIPPI,21,7/07,31257.0,15060.0,1544.0,8266.0,1339.0,1526.0,492.0
286,MISSISSIPPI,21,7/10,33591.0,15951.0,1631.0,9140.0,1418.0,1612.0,544.0
287,MISSISSIPPI,21,7/14,36680.0,15019.0,1656.0,8623.0,1335.0,1637.0,513.0
288,MISSISSIPPI,21,7/17,39797.0,18426.0,1714.0,11277.0,1638.0,1694.0,671.0
289,MISSISSIPPI,21,7/21,43889.0,16723.0,1765.0,10372.0,1487.0,1744.0,617.0
290,MISSISSIPPI,21,7/24,48053.0,20155.0,1815.0,13830.0,1792.0,1794.0,822.0
291,MISSISSIPPI,21,7/28,52957.0,22948.0,1882.0,15637.0,2040.0,1860.0,930.0
292,MISSISSIPPI,21,7/31,57579.0,19772.0,1953.0,13504.0,1758.0,1930.0,803.0
293,MISSISSIPPI,21,8/04,61125.0,25996.0,2049.0,18572.0,2311.0,2025.0,1104.0
294,MISSISSIPPI,21,8/07,64400.0,27119.0,2149.0,19809.0,2411.0,2124.0,1178.0
295,MISSISSIPPI,21,8/11,67649.0,28311.0,2176.0,21141.0,2517.0,2150.0,1257.0
296,MISSISSIPPI,21,8/14,69986.0,29325.0,2239.0,22221.0,2607.0,2213.0,1321.0
297,MISSISSIPPI,21,8/18,72412.0,30364.0,2298.0,23256.0,2699.0,2271.0,1383.0
298,MISSISSIPPI,21,8/21,75449.0,31461.0,2128.0,24905.0,2797.0,2103.0,1481.0
299,MISSISSIPPI,21,8/25,78405.0,32305.0,2395.0,25415.0,2872.0,2367.0,1511.0
300,MISSISSIPPI,21,8/28,80695.0,32980.0,2429.0,26360.0,2932.0,2400.0,1568.0
301,MISSISSIPPI,21,9/01,83584.0,33874.0,2492.0,27732.0,3011.0,2463.0,1649.0
302,MISSISSIPPI,21,9/04,85116.0,34341.0,2521.0,28486.0,3053.0,2491.0,1694.0
303,MISSISSIPPI,21,9/08,86478.0,34791.0,2561.0,29259.0,3093.0,2531.0,1740.0
304,MISSISSIPPI,21,9/11,89175.0,35652.0,2636.0,30556.0,3169.0,2605.0,1817.0
305,MISSISSIPPI,21,9/15,90523.0,36091.0,2668.0,31250.0,3208.0,2637.0,1858.0
306,MISSISSIPPI,21,9/18,91935.0,36511.0,2698.0,31851.0,3245.0,2666.0,1894.0
307,MISSISSIPPI,21,9/22,94021.0,37153.0,2753.0,32946.0,3303.0,2721.0,1959.0
308,NEVADA,29,6/17,11658.0,815.0,3258.0,2509.0,262.0,365.0,167.0
309,NEVADA,29,6/22,13535.0,830.0,3669.0,2583.0,267.0,411.0,172.0
310,NEVADA,29,6/26,14859.0,826.0,4116.0,2641.0,266.0,461.0,176.0
311,NEVADA,29,6/30,18456.0,1050.0,4672.0,3451.0,338.0,523.0,230.0
312,NEVADA,29,7/02,19101.0,1104.0,4928.0,3647.0,355.0,552.0,243.0
313,NEVADA,29,7/07,22909.0,1230.0,5146.0,4149.0,395.0,576.0,277.0
314,NEVADA,29,7/10,25908.0,1233.0,5905.0,4317.0,396.0,661.0,288.0
315,NEVADA,29,7/14,28515.0,1290.0,6161.0,4594.0,415.0,690.0,306.0
316,NEVADA,29,7/17,31915.0,1283.0,6884.0,4628.0,412.0,771.0,309.0
317,NEVADA,29,7/21,36713.0,1840.0,7154.0,6540.0,591.0,801.0,436.0
318,NEVADA,29,7/24,39919.0,2012.0,8202.0,7319.0,647.0,918.0,488.0
319,NEVADA,29,7/28,44936.0,2253.0,9484.0,8491.0,724.0,1062.0,566.0
320,NEVADA,29,7/31,46824.0,2344.0,10074.0,8947.0,753.0,1128.0,596.0
321,NEVADA,29,8/04,51199.0,2501.0,10455.0,9588.0,804.0,1170.0,639.0
322,NEVADA,29,8/07,53557.0,2647.0,11960.0,10007.0,851.0,1339.0,667.0
323,NEVADA,29,8/11,56972.0,2949.0,12899.0,10916.0,948.0,1444.0,728.0
324,NEVADA,29,8/14,58650.0,3109.0,14137.0,11272.0,999.0,1583.0,751.0
325,NEVADA,29,8/18,61967.0,3389.0,15076.0,12064.0,1089.0,1688.0,804.0
326,NEVADA,29,8/21,64433.0,3601.0,17005.0,12595.0,1158.0,1904.0,840.0
327,NEVADA,29,8/25,66010.0,3742.0,17464.0,12960.0,1203.0,1955.0,864.0
328,NEVADA,29,8/28,68908.0,4029.0,19710.0,13650.0,1295.0,2207.0,910.0
329,NEVADA,29,9/01,69228.0,4044.0,19734.0,13720.0,1300.0,2209.0,915.0
330,NEVADA,29,9/04,70712.0,4228.0,21466.0,14083.0,1359.0,2403.0,939.0
331,NEVADA,29,9/08,72104.0,4315.0,21832.0,14414.0,1387.0,2444.0,961.0
332,NEVADA,29,9/11,72546.0,4424.0,22659.0,14643.0,1422.0,2537.0,976.0
333,NEVADA,29,9/15,74040.0,4616.0,24033.0,15213.0,1484.0,2691.0,1014.0
334,NEVADA,29,9/18,75096.0,4715.0,25063.0,15613.0,1516.0,2806.0,1041.0
335,NEVADA,29,9/22,76298.0,4784.0,25643.0,15966.0,1538.0,2871.0,1064.0
336,NEW JERSEY,24,6/17,167703.0,16283.0,28797.0,59436.0,1222.0,1574.0,1219.0
337,NEW JERSEY,24,6/22,169142.0,16824.0,29952.0,34869.0,1263.0,1637.0,715.0
338,NEW JERSEY,24,6/26,170196.0,17091.0,30419.0,35518.0,1283.0,1662.0,728.0
339,NEW JERSEY,24,6/30,171272.0,17242.0,30757.0,35928.0,1294.0,1681.0,737.0
340,NEW JERSEY,24,7/02,171928.0,17351.0,31016.0,36216.0,1302.0,1695.0,743.0
341,NEW JERSEY,24,7/07,173611.0,17561.0,31360.0,36712.0,1318.0,1714.0,753.0
342,NEW JERSEY,24,7/10,174270.0,17717.0,31691.0,37163.0,1330.0,1732.0,762.0
343,NEW JERSEY,24,7/14,174959.0,17880.0,31946.0,37558.0,1342.0,1746.0,770.0
344,NEW JERSEY,24,7/17,175915.0,18019.0,32155.0,37910.0,1352.0,1757.0,777.0
345,NEW JERSEY,24,7/21,176963.0,18234.0,32545.0,28482.0,1369.0,1779.0,584.0
346,NEW JERSEY,24,7/24,177887.0,18328.0,32730.0,38813.0,1376.0,1789.0,796.0
347,NEW JERSEY,24,7/28,180295.0,2029.0,2125.0,5835.0,152.0,116.0,120.0
348,NEW JERSEY,24,7/31,180970.0,18856.0,33639.0,40230.0,1415.0,1838.0,825.0
349,NEW JERSEY,24,8/04,182614.0,,,,,,
350,NEW JERSEY,24,8/07,183701.0,,,,,,
351,NEW JERSEY,24,8/11,185031.0,19493.0,34912.0,42017.0,1463.0,1908.0,862.0
352,NEW JERSEY,24,8/14,186549.0,19652.0,35335.0,42507.0,1475.0,1931.0,872.0
353,NEW JERSEY,24,8/18,187767.0,19800.0,35746.0,43010.0,1486.0,1954.0,882.0
354,NEW JERSEY,24,8/21,188817.0,19935.0,36131.0,43427.0,1496.0,1975.0,891.0
355,NEW JERSEY,24,8/25,189719.0,20038.0,36335.0,43824.0,1504.0,1986.0,899.0
356,NEW JERSEY,24,8/28,191611.0,2029.0,2125.0,5835.0,152.0,116.0,120.0
357,NEW JERSEY,24,9/01,191960.0,20291.0,36985.0,44718.0,1523.0,2021.0,917.0
358,NEW JERSEY,24,9/04,193422.0,20404.0,37252.0,45293.0,1531.0,2036.0,929.0
359,NEW JERSEY,24,9/08,194390.0,20507.0,37499.0,45807.0,1539.0,2049.0,939.0
360,NEW JERSEY,24,9/11,195414.0,20588.0,37720.0,46236.0,1545.0,2062.0,948.0
361,NEW JERSEY,24,9/15,197404.0,20745.0,38050.0,47084.0,1557.0,2080.0,966.0
362,NEW JERSEY,24,9/18,198848.0,,,,,,
363,NEW JERSEY,24,9/22,200580.0,21032.0,38603.0,48538.0,1579.0,2110.0,995.0
364,NORTH CAROLINA,37,6/17,45853.0,8169.0,13610.0,17118.0,351.0,1352.0,260.0
365,NORTH CAROLINA,37,6/22,52801.0,8963.0,16016.0,19627.0,385.0,1591.0,298.0
366,NORTH CAROLINA,37,6/26,57183.0,9591.0,17634.0,21561.0,412.0,1751.0,327.0
367,NORTH CAROLINA,37,6/30,64670.0,10547.0,19918.0,24415.0,453.0,1978.0,371.0
368,NORTH CAROLINA,37,7/02,66513.0,15963.0,30596.0,37247.0,686.0,3039.0,566.0
369,NORTH CAROLINA,37,7/07,74529.0,11900.0,22212.0,27827.0,511.0,2206.0,422.0
370,NORTH CAROLINA,37,7/10,79349.0,12925.0,23764.0,30327.0,555.0,2360.0,460.0
371,NORTH CAROLINA,37,7/14,89484.0,14151.0,25309.0,32883.0,608.0,2514.0,499.0
372,NORTH CAROLINA,37,7/17,93426.0,15222.0,26674.0,35471.0,654.0,2649.0,539.0
373,NORTH CAROLINA,37,7/21,101046.0,16378.0,28049.0,38365.0,703.0,2786.0,582.0
374,NORTH CAROLINA,37,7/24,106893.0,17818.0,29584.0,41551.0,765.0,2938.0,631.0
375,NORTH CAROLINA,37,7/28,116087.0,19790.0,31444.0,46037.0,850.0,3123.0,699.0
376,NORTH CAROLINA,37,7/31,120194.0,20763.0,32364.0,48388.0,892.0,3214.0,735.0
377,NORTH CAROLINA,37,8/04,126532.0,30368.0,51878.0,70858.0,1304.0,5152.0,1076.0
378,NORTH CAROLINA,37,8/07,131267.0,23005.0,34324.0,53697.0,988.0,3409.0,815.0
379,NORTH CAROLINA,37,8/11,136844.0,24125.0,35270.0,56249.0,1036.0,3503.0,854.0
380,NORTH CAROLINA,37,8/14,140824.0,25123.0,36312.0,58636.0,1079.0,3606.0,890.0
381,NORTH CAROLINA,37,8/18,145516.0,26083.0,37032.0,60986.0,1120.0,3678.0,926.0
382,NORTH CAROLINA,37,8/21,151912.0,27467.0,38319.0,64604.0,1180.0,3806.0,981.0
383,NORTH CAROLINA,37,8/25,156396.0,28202.0,38934.0,66827.0,1211.0,3867.0,1015.0
384,NORTH CAROLINA,37,8/28,161076.0,29238.0,39830.0,69464.0,1256.0,3956.0,1055.0
385,NORTH CAROLINA,37,9/01,167313.0,30275.0,40579.0,72444.0,1300.0,4030.0,1100.0
386,NORTH CAROLINA,37,9/04,172209.0,31349.0,41495.0,75215.0,1346.0,4121.0,1142.0
387,NORTH CAROLINA,37,9/08,177919.0,32303.0,42154.0,78143.0,1387.0,4187.0,1186.0
388,NORTH CAROLINA,37,9/11,180754.0,33010.0,42750.0,80051.0,1418.0,4246.0,1215.0
389,NORTH CAROLINA,37,9/15,186887.0,34264.0,43638.0,83390.0,1472.0,4334.0,1266.0
390,NORTH CAROLINA,37,9/18,191019.0,35178.0,44352.0,85824.0,1511.0,4405.0,1303.0
391,NORTH CAROLINA,37,9/22,195549.0,36123.0,44954.0,88190.0,1551.0,4465.0,1339.0
392,OHIO,15,6/17,38911.0,9945.0,3127.0,19371.0,654.0,686.0,211.0
393,OHIO,15,6/22,41578.0,11330.0,3673.0,22379.0,746.0,806.0,243.0
394,OHIO,15,6/26,47651.0,10279.0,3287.0,19632.0,676.0,721.0,213.0
395,OHIO,15,6/30,51789.0,11419.0,4068.0,20865.0,751.0,892.0,227.0
396,OHIO,15,7/02,52865.0,11748.0,4117.0,21237.0,773.0,903.0,231.0
397,OHIO,15,7/07,57956.0,12860.0,4346.0,22707.0,846.0,953.0,247.0
398,OHIO,15,7/10,61331.0,16417.0,4542.0,29168.0,1080.0,996.0,317.0
399,OHIO,15,7/14,66853.0,15023.0,4742.0,26370.0,989.0,1040.0,287.0
400,OHIO,15,7/17,70601.0,16048.0,4919.0,28140.0,1056.0,1079.0,306.0
401,OHIO,15,7/21,76168.0,19714.0,5157.0,34562.0,1297.0,1131.0,376.0
402,OHIO,15,7/24,80186.0,20819.0,5355.0,38404.0,1370.0,1175.0,417.0
403,OHIO,15,7/28,86497.0,18777.0,5598.0,34912.0,1236.0,1228.0,380.0
404,OHIO,15,7/31,89626.0,19321.0,5761.0,36478.0,1271.0,1264.0,397.0
405,OHIO,15,8/04,93963.0,20012.0,5976.0,38689.0,1317.0,1311.0,421.0
406,OHIO,15,8/07,97471.0,20741.0,6175.0,40751.0,1365.0,1355.0,443.0
407,OHIO,15,8/11,101731.0,21517.0,6391.0,43037.0,1416.0,1402.0,468.0
408,OHIO,15,8/14,105426.0,25228.0,51883.0,6657.0,1660.0,11381.0,72.0
409,OHIO,15,8/18,109062.0,26048.0,6878.0,56153.0,1714.0,1509.0,610.0
410,OHIO,15,8/21,112003.0,26578.0,2281.0,58417.0,1749.0,500.0,635.0
411,OHIO,15,8/25,115651.0,27040.0,2341.0,60672.0,1779.0,514.0,660.0
412,OHIO,15,8/28,118828.0,27109.0,2400.0,60501.0,1784.0,526.0,658.0
413,OHIO,15,9/01,123157.0,27758.0,307.0,2463.0,1827.0,67.0,27.0
414,OHIO,15,9/04,127112.0,27824.0,2557.0,65754.0,1831.0,561.0,715.0
415,OHIO,15,9/08,131336.0,28119.0,2633.0,68161.0,1850.0,578.0,741.0
416,OHIO,15,9/11,134086.0,28375.0,2705.0,70183.0,1867.0,593.0,763.0
417,OHIO,15,9/15,139485.0,28804.0,8568.0,74070.0,1896.0,1879.0,805.0
418,OHIO,15,9/18,142596.0,29409.0,2892.0,79053.0,1935.0,634.0,859.0
419,OHIO,15,9/22,145165.0,29284.0,8848.0,77911.0,1927.0,1941.0,847.0
420,OKLAHOMA,5,6/17,8645.0,705.0,1584.0,5366.0,228.0,367.0,208.0
421,OKLAHOMA,5,6/22,10733.0,826.0,,6317.0,268.0,,244.0
422,OKLAHOMA,5,6/26,11948.0,889.0,2366.0,6914.0,288.0,549.0,268.0
423,OKLAHOMA,5,6/30,13757.0,1018.0,2793.0,7883.0,330.0,648.0,305.0
424,OKLAHOMA,5,7/02,14112.0,1046.0,,8108.0,339.0,0.0,314.0
425,OKLAHOMA,5,7/07,16362.0,1209.0,,9229.0,392.0,,357.0
426,OKLAHOMA,5,7/10,18496.0,1392.0,3836.0,10423.0,451.0,889.0,403.0
427,OKLAHOMA,5,7/14,20745.0,1552.0,,11626.0,503.0,,450.0
428,OKLAHOMA,5,7/17,23441.0,1753.0,,13128.0,568.0,,508.0
429,OKLAHOMA,5,7/21,25433.0,1886.0,,14306.0,611.0,,554.0
430,OKLAHOMA,5,7/24,28802.0,2048.0,,15709.0,664.0,,608.0
431,OKLAHOMA,5,7/28,33775.0,2373.0,,18702.0,769.0,,724.0
432,OKLAHOMA,5,7/31,35740.0,2499.0,,19862.0,810.0,,769.0
433,OKLAHOMA,5,8/04,38602.0,2653.0,,21186.0,860.0,,820.0
434,OKLAHOMA,5,8/07,41404.0,2824.0,,22606.0,915.0,,875.0
435,OKLAHOMA,5,8/11,44728.0,3085.0,,24390.0,1000.0,,944.0
436,OKLAHOMA,5,8/14,46103.0,3184.0,,25118.0,1032.0,,972.0
437,OKLAHOMA,5,8/18,48711.0,3393.0,,26500.0,1099.0,,1026.0
438,OKLAHOMA,5,8/21,51746.0,3664.0,,28384.0,1187.0,,1098.0
439,OKLAHOMA,5,8/25,53522.0,3784.0,,29238.0,1226.0,,1132.0
440,OKLAHOMA,5,8/28,58020.0,4117.0,,31968.0,1334.0,,1237.0
441,OKLAHOMA,5,9/01,58733.0,4170.0,,32324.0,1351.0,,1251.0
442,OKLAHOMA,5,9/04,62040.0,4381.0,,34423.0,1419.0,,1332.0
443,OKLAHOMA,5,9/08,65053.0,4539.0,,36229.0,1471.0,,1402.0
444,OKLAHOMA,5,9/11,67642.0,4721.0,,37866.0,1530.0,,1465.0
445,OKLAHOMA,5,9/15,71314.0,5013.0,,39953.0,1624.0,,1546.0
446,OKLAHOMA,5,9/18,74567.0,5212.0,,41947.0,1689.0,,1623.0
447,OKLAHOMA,5,9/22,79072.0,5666.0,,44607.0,1836.0,,1726.0
448,OREGON,40,6/17,6098.0,214.0,2103.0,2644.0,231.0,375.0,83.0
449,OREGON,40,6/22,6572.0,260.0,2271.0,2793.0,280.0,405.0,88.0
450,OREGON,40,6/26,7568.0,332.0,2680.0,3120.0,358.0,478.0,98.0
451,OREGON,40,6/30,8485.0,368.0,3061.0,3490.0,397.0,546.0,110.0
452,OREGON,40,7/02,8931.0,393.0,3227.0,3704.0,424.0,575.0,117.0
453,OREGON,40,7/07,10395.0,442.0,3802.0,4291.0,476.0,678.0,135.0
454,OREGON,40,7/10,11188.0,475.0,4099.0,4644.0,512.0,731.0,146.0
455,OREGON,40,7/14,12438.0,523.0,4631.0,5183.0,564.0,826.0,163.0
456,OREGON,40,7/17,13509.0,553.0,5087.0,5609.0,596.0,907.0,177.0
457,OREGON,40,7/21,14847.0,576.0,5610.0,6151.0,621.0,1000.0,194.0
458,OREGON,40,7/24,15713.0,596.0,5968.0,6488.0,642.0,1064.0,204.0
459,OREGON,40,7/28,17088.0,645.0,6523.0,7034.0,695.0,1163.0,221.0
460,OREGON,40,7/31,18131.0,674.0,6986.0,7400.0,726.0,1245.0,233.0
461,OREGON,40,8/04,19366.0,703.0,7558.0,7890.0,758.0,1347.0,248.0
462,OREGON,40,8/07,20225.0,726.0,6917.0,8228.0,782.0,1233.0,259.0
463,OREGON,40,8/11,21488.0,757.0,8443.0,8683.0,816.0,1505.0,273.0
464,OREGON,40,8/14,22300.0,770.0,8789.0,9011.0,830.0,1567.0,284.0
465,OREGON,40,8/18,23451.0,822.0,9313.0,9456.0,886.0,1660.0,298.0
466,OREGON,40,8/21,24165.0,841.0,9614.0,9711.0,906.0,1714.0,306.0
467,OREGON,40,8/25,25155.0,870.0,10065.0,10063.0,938.0,1794.0,317.0
468,OREGON,40,8/28,26054.0,898.0,10438.0,10416.0,968.0,1861.0,328.0
469,OREGON,40,9/01,26713.0,919.0,10721.0,10688.0,990.0,1911.0,337.0
470,OREGON,40,9/04,27336.0,942.0,10962.0,10917.0,1015.0,1954.0,344.0
471,OREGON,40,9/08,27601.0,948.0,11054.0,11029.0,1022.0,1971.0,347.0
472,OREGON,40,9/11,28654.0,978.0,11518.0,11546.0,1054.0,2053.0,364.0
473,OREGON,40,9/15,29662.0,1012.0,11843.0,12090.0,1091.0,2111.0,381.0
474,OREGON,40,9/18,30342.0,1024.0,12042.0,12403.0,1104.0,2147.0,391.0
475,OREGON,40,9/22,31313.0,1053.0,12285.0,12936.0,1135.0,2190.0,407.0
476,PENNSYLVANIA,19,6/17,79483.0,10000.0,6300.0,23000.0,651.0,648.0,236.0
477,PENNSYLVANIA,19,6/22,82168.0,10400.0,6600.0,24200.0,677.0,678.0,248.0
478,PENNSYLVANIA,19,6/26,83770.0,10700.0,6800.0,24900.0,697.0,699.0,256.0
479,PENNSYLVANIA,19,6/30,86606.0,11100.0,7000.0,26000.0,723.0,719.0,267.0
480,PENNSYLVANIA,19,7/02,88074.0,11300.0,7100.0,26600.0,736.0,730.0,273.0
481,PENNSYLVANIA,19,7/07,88691.0,11800.0,7300.0,27900.0,768.0,750.0,286.0
482,PENNSYLVANIA,19,7/10,93876.0,12500.0,7600.0,29200.0,814.0,781.0,300.0
483,PENNSYLVANIA,19,7/14,95742.0,12800.0,7700.0,29900.0,833.0,791.0,307.0
484,PENNSYLVANIA,19,7/17,99478.0,13500.0,7900.0,31600.0,879.0,812.0,324.0
485,PENNSYLVANIA,19,7/21,101738.0,13900.0,8100.0,32500.0,905.0,833.0,334.0
486,PENNSYLVANIA,19,7/24,104358.0,14200.0,8300.0,33600.0,924.0,853.0,345.0
487,PENNSYLVANIA,19,7/28,109384.0,15052.0,8700.0,35765.0,980.0,894.0,367.0
488,PENNSYLVANIA,19,7/31,111078.0,15286.0,8880.0,36549.0,995.0,913.0,375.0
489,PENNSYLVANIA,19,8/04,114155.0,15657.0,9127.0,37864.0,1019.0,938.0,389.0
490,PENNSYLVANIA,19,8/07,116521.0,16026.0,9432.0,39010.0,1043.0,969.0,400.0
491,PENNSYLVANIA,19,8/11,120281.0,16412.0,9646.0,40558.0,1068.0,991.0,416.0
492,PENNSYLVANIA,19,8/14,122121.0,16629.0,9815.0,41398.0,1082.0,1009.0,425.0
493,PENNSYLVANIA,19,8/18,124844.0,16945.0,10016.0,42640.0,1103.0,1029.0,438.0
494,PENNSYLVANIA,19,8/21,127633.0,17239.0,10250.0,44009.0,1122.0,1053.0,452.0
495,PENNSYLVANIA,19,8/25,129474.0,17841.0,10757.0,45320.0,1161.0,1106.0,465.0
496,PENNSYLVANIA,19,8/28,133504.0,18221.0,11121.0,47191.0,1186.0,1143.0,484.0
497,PENNSYLVANIA,19,9/01,134795.0,18304.0,11192.0,47738.0,1191.0,1150.0,490.0
498,PENNSYLVANIA,19,9/04,137662.0,18731.0,11537.0,49592.0,1219.0,1186.0,509.0
499,PENNSYLVANIA,19,9/08,140359.0,18844.0,11648.0,50493.0,1227.0,1197.0,518.0
500,PENNSYLVANIA,19,9/11,142885.0,19181.0,11907.0,52068.0,1249.0,1224.0,534.0
501,PENNSYLVANIA,19,9/15,146214.0,19477.0,12134.0,53794.0,1268.0,1247.0,552.0
502,PENNSYLVANIA,19,9/18,148683.0,19662.0,12298.0,55038.0,1280.0,1264.0,565.0
503,PENNSYLVANIA,19,9/22,151646.0,19973.0,12511.0,56745.0,1300.0,1286.0,582.0
504,TENNESSEE,30,6/17,31830.0,6712.0,8242.0,13346.0,575.0,2155.0,265.0
505,TENNESSEE,30,6/22,34102.0,7312.0,9404.0,14657.0,626.0,2459.0,291.0
506,TENNESSEE,30,6/26,38034.0,8235.0,10358.0,16340.0,705.0,2708.0,325.0
507,TENNESSEE,30,6/30,42297.0,8872.0,11204.0,17771.0,760.0,2930.0,353.0
508,TENNESSEE,30,7/02,45315.0,9676.0,11729.0,19194.0,829.0,3067.0,381.0
509,TENNESSEE,30,7/07,52155.0,10640.0,12524.0,21497.0,911.0,3275.0,427.0
510,TENNESSEE,30,7/10,57591.0,11825.0,13253.0,24113.0,1013.0,3465.0,479.0
511,TENNESSEE,30,7/14,65274.0,12883.0,13963.0,26607.0,1103.0,3651.0,529.0
512,TENNESSEE,30,7/17,71540.0,14422.0,14862.0,30043.0,1235.0,3886.0,597.0
513,TENNESSEE,30,7/21,79754.0,15478.0,15416.0,32822.0,1325.0,4031.0,652.0
514,TENNESSEE,30,7/24,86987.0,17171.0,16199.0,36998.0,1470.0,4236.0,735.0
515,TENNESSEE,30,7/28,96489.0,18408.0,16867.0,40844.0,1576.0,4410.0,812.0
516,TENNESSEE,30,7/31,102871.0,19463.0,17621.0,44226.0,1667.0,4608.0,879.0
517,TENNESSEE,30,8/04,110636.0,20564.0,18171.0,47702.0,1761.0,4751.0,948.0
518,TENNESSEE,30,8/07,116350.0,22345.0,18733.0,52258.0,1913.0,4898.0,1038.0
519,TENNESSEE,30,8/11,123914.0,23239.0,19255.0,55873.0,1990.0,5035.0,1110.0
520,TENNESSEE,30,8/14,128511.0,24862.0,19912.0,59985.0,2129.0,5207.0,1192.0
521,TENNESSEE,30,8/18,134744.0,25587.0,20425.0,63075.0,2191.0,5341.0,1253.0
522,TENNESSEE,30,8/21,139175.0,26868.0,21025.0,66776.0,2301.0,5498.0,1327.0
523,TENNESSEE,30,8/25,144604.0,27672.0,21501.0,70068.0,2370.0,5622.0,1392.0
524,TENNESSEE,30,8/28,149179.0,28785.0,22027.0,73846.0,2465.0,5760.0,1467.0
525,TENNESSEE,30,9/01,156329.0,29689.0,22612.0,78058.0,2542.0,5913.0,1551.0
526,TENNESSEE,30,9/04,159546.0,30391.0,23000.0,80882.0,2602.0,6014.0,1607.0
527,TENNESSEE,30,9/08,165109.0,31120.0,23435.0,84449.0,2665.0,6128.0,1678.0
528,TENNESSEE,30,9/11,168237.0,31823.0,23760.0,87392.0,2725.0,6213.0,1736.0
529,TENNESSEE,30,9/15,169893.0,32758.0,24161.0,91962.0,2805.0,6318.0,1827.0
530,TENNESSEE,30,9/18,172453.0,33291.0,24365.0,94707.0,2851.0,6371.0,1882.0
531,TENNESSEE,30,9/22,184409.0,33954.0,24653.0,98566.0,2908.0,6446.0,1958.0
532,UTAH,11,6/17,14937.0,470.0,6315.0,5125.0,1047.0,1387.0,205.0
533,UTAH,11,6/22,17462.0,511.0,7471.0,5956.0,1139.0,1641.0,238.0
534,UTAH,11,6/26,19374.0,555.0,8379.0,6661.0,1237.0,1841.0,266.0
535,UTAH,11,6/30,22217.0,600.0,9533.0,7677.0,1337.0,2094.0,307.0
536,UTAH,11,7/02,22716.0,613.0,9746.0,7904.0,1366.0,2141.0,316.0
537,UTAH,11,7/07,25469.0,657.0,10743.0,9152.0,1464.0,2360.0,366.0
538,UTAH,11,7/10,27356.0,704.0,11391.0,9996.0,1569.0,2502.0,400.0
539,UTAH,11,7/14,30030.0,759.0,12201.0,11201.0,1691.0,2680.0,448.0
540,UTAH,11,7/17,31845.0,799.0,12837.0,12094.0,1780.0,2820.0,484.0
541,UTAH,11,7/21,34526.0,855.0,13629.0,13258.0,1905.0,2994.0,530.0
542,UTAH,11,7/24,36099.0,902.0,14193.0,14013.0,2010.0,3118.0,560.0
543,UTAH,11,7/28,38409.0,945.0,14864.0,15067.0,2105.0,3265.0,603.0
544,UTAH,11,7/31,39696.0,974.0,15333.0,15694.0,2170.0,3368.0,628.0
545,UTAH,11,8/04,41529.0,1010.0,15858.0,16527.0,2250.0,3483.0,661.0
546,UTAH,11,8/07,42915.0,1039.0,16316.0,17230.0,2315.0,3584.0,689.0
547,UTAH,11,8/11,44390.0,1058.0,16751.0,17930.0,2357.0,3680.0,717.0
548,UTAH,11,8/14,45424.0,1087.0,17118.0,18441.0,2422.0,3760.0,737.0
549,UTAH,11,8/18,46894.0,1116.0,17510.0,19240.0,2486.0,3846.0,769.0
550,UTAH,11,8/21,48445.0,1143.0,17946.0,20074.0,2547.0,3942.0,803.0
551,UTAH,11,8/25,49364.0,1157.0,18217.0,20609.0,2578.0,4002.0,824.0
552,UTAH,11,8/28,51854.0,1179.0,18551.0,21377.0,2627.0,4075.0,855.0
553,UTAH,11,9/01,52107.0,1195.0,18917.0,22088.0,2662.0,4155.0,883.0
554,UTAH,11,9/04,53326.0,1220.0,19214.0,22849.0,2718.0,4221.0,914.0
555,UTAH,11,9/08,55359.0,1244.0,19634.0,24119.0,2772.0,4313.0,965.0
556,UTAH,11,9/11,56019.0,1249.0,19771.0,24567.0,2783.0,4343.0,982.0
557,UTAH,11,9/15,59000.0,1275.0,20341.0,26442.0,2841.0,4468.0,1057.0
558,UTAH,11,9/18,61775.0,1320.0,20846.0,28181.0,2941.0,4579.0,1127.0
559,UTAH,11,9/22,65044.0,1366.0,21495.0,30229.0,3043.0,4722.0,1209.0
560,VIRGINIA,26,6/17,55775.0,7852.0,19032.0,11518.0,462.0,2323.0,219.0
561,VIRGINIA,26,6/22,58469.0,8257.0,19962.0,12121.0,486.0,2436.0,231.0
562,VIRGINIA,26,6/26,60570.0,8587.0,20836.0,12686.0,506.0,2543.0,242.0
563,VIRGINIA,26,6/30,62787.0,8915.0,21430.0,13244.0,525.0,2615.0,252.0
564,VIRGINIA,26,7/02,63735.0,9177.0,21746.0,13609.0,540.0,2654.0,259.0
565,VIRGINIA,26,7/07,66740.0,9741.0,22477.0,14307.0,573.0,2743.0,273.0
566,VIRGINIA,26,7/10,68931.0,10386.0,22985.0,15001.0,611.0,2805.0,286.0
567,VIRGINIA,26,7/14,72443.0,11141.0,23628.0,15760.0,656.0,2884.0,300.0
568,VIRGINIA,26,7/17,75433.0,12002.0,24204.0,16672.0,707.0,2954.0,318.0
569,VIRGINIA,26,7/21,79371.0,13005.0,24670.0,17630.0,766.0,3011.0,336.0
570,VIRGINIA,26,7/24,82364.0,13896.0,25166.0,18593.0,818.0,3071.0,354.0
571,VIRGINIA,26,7/28,86994.0,15197.0,25713.0,19845.0,895.0,3138.0,378.0
572,VIRGINIA,26,7/31,89888.0,16026.0,26198.0,20700.0,944.0,3197.0,394.0
573,VIRGINIA,26,8/04,94251.0,17101.0,26720.0,21871.0,1007.0,3261.0,417.0
574,VIRGINIA,26,8/07,97882.0,18050.0,27181.0,22928.0,1063.0,3317.0,437.0
575,VIRGINIA,26,8/11,100749.0,18727.0,27511.0,23817.0,1103.0,3357.0,454.0
576,VIRGINIA,26,8/14,104838.0,19882.0,28176.0,25168.0,1171.0,3439.0,479.0
577,VIRGINIA,26,8/18,108282.0,20796.0,28725.0,26339.0,1224.0,3506.0,502.0
578,VIRGINIA,26,8/21,110860.0,21533.0,2922.0,27388.0,1268.0,357.0,522.0
579,VIRGINIA,26,8/25,114635.0,22451.0,29763.0,28594.0,1322.0,3632.0,545.0
580,VIRGINIA,26,8/28,117592.0,22987.0,30060.0,29334.0,1353.0,3668.0,559.0
581,VIRGINIA,26,9/01,121615.0,24058.0,30845.0,31265.0,1416.0,3764.0,596.0
582,VIRGINIA,26,9/04,124779.0,24739.0,31301.0,32622.0,1456.0,3820.0,621.0
583,VIRGINIA,26,9/08,128407.0,25493.0,31688.0,34121.0,1501.0,3867.0,650.0
584,VIRGINIA,26,9/11,131640.0,26192.0,32168.0,35535.0,1542.0,3926.0,677.0
585,VIRGINIA,26,9/15,135514.0,26933.0,32662.0,37255.0,1586.0,3986.0,710.0
586,VIRGINIA,26,9/18,138702.0,27579.0,33120.0,38599.0,1624.0,4042.0,735.0
587,VIRGINIA,26,9/22,142010.0,28335.0,33650.0,40061.0,1668.0,4107.0,763.0
588,WASHINGTON,48,6/17,26531.0,1164.0,8440.0,7031.0,355.0,859.0,136.0
589,WASHINGTON,48,6/22,28680.0,1205.0,8872.0,7300.0,368.0,903.0,141.0
590,WASHINGTON,48,6/26,30367.0,1265.0,9751.0,7750.0,386.0,993.0,150.0
591,WASHINGTON,48,6/30,32253.0,1331.0,10420.0,8205.0,406.0,1061.0,158.0
592,WASHINGTON,48,7/02,33435.0,1366.0,10717.0,8493.0,417.0,1091.0,164.0
593,WASHINGTON,48,7/07,36985.0,1455.0,11685.0,9458.0,444.0,1190.0,183.0
594,WASHINGTON,48,7/10,38581.0,1501.0,12049.0,9842.0,458.0,1227.0,190.0
595,WASHINGTON,48,7/14,41757.0,1604.0,12918.0,10581.0,490.0,1315.0,204.0
596,WASHINGTON,48,7/17,44313.0,1653.0,13380.0,11080.0,505.0,1362.0,214.0
597,WASHINGTON,48,7/21,47743.0,1715.0,13799.0,11479.0,524.0,1405.0,222.0
598,WASHINGTON,48,7/24,50009.0,1766.0,14088.0,11811.0,539.0,1434.0,228.0
599,WASHINGTON,48,7/28,53321.0,1930.0,15439.0,13004.0,589.0,1572.0,251.0
600,WASHINGTON,48,7/31,55803.0,2090.0,16654.0,13948.0,638.0,1695.0,269.0
601,WASHINGTON,48,8/04,58715.0,2188.0,17209.0,14479.0,668.0,1752.0,280.0
602,WASHINGTON,48,8/07,60917.0,2282.0,17698.0,14981.0,697.0,1802.0,289.0
603,WASHINGTON,48,8/11,63647.0,2397.0,18071.0,15516.0,732.0,1840.0,300.0
604,WASHINGTON,48,8/14,65339.0,2494.0,18447.0,16086.0,762.0,1878.0,311.0
605,WASHINGTON,48,8/18,67721.0,2705.0,20057.0,17578.0,826.0,2042.0,339.0
606,WASHINGTON,48,8/21,69389.0,2817.0,20561.0,18060.0,860.0,2093.0,349.0
607,WASHINGTON,48,8/25,71371.0,2949.0,21208.0,18700.0,901.0,2159.0,361.0
608,WASHINGTON,48,8/28,72703.0,3005.0,21658.0,19100.0,918.0,2205.0,369.0
609,WASHINGTON,48,9/01,74635.0,3099.0,22165.0,19708.0,946.0,2256.0,381.0
610,WASHINGTON,48,9/04,75856.0,3141.0,22389.0,20069.0,959.0,2279.0,388.0
611,WASHINGTON,48,9/08,77545.0,3179.0,22785.0,20396.0,971.0,2320.0,394.0
612,WASHINGTON,48,9/11,78467.0,3209.0,22960.0,20710.0,980.0,2337.0,400.0
613,WASHINGTON,48,9/15,80465.0,3296.0,23369.0,21388.0,1007.0,2379.0,413.0
614,WASHINGTON,48,9/18,81198.0,3326.0,23514.0,21588.0,1016.0,2394.0,417.0
615,WASHINGTON,48,9/22,82548.0,3360.0,23739.0,21944.0,1026.0,2417.0,424.0
616,WISCONSIN,38,6/17,23198.0,4304.0,7638.0,12316.0,1103.0,1901.0,261.0
617,WISCONSIN,38,6/22,24819.0,4493.0,8064.0,13340.0,1152.0,2007.0,283.0
618,WISCONSIN,38,6/26,26227.0,4676.0,8386.0,14355.0,1199.0,2087.0,304.0
619,WISCONSIN,38,6/30,28659.0,5022.0,8843.0,15910.0,1287.0,2201.0,337.0
620,WISCONSIN,38,7/02,29199.0,5085.0,8921.0,16281.0,1304.0,2221.0,345.0
621,WISCONSIN,38,7/07,32061.0,5487.0,9427.0,18184.0,1407.0,2346.0,385.0
622,WISCONSIN,38,7/10,33908.0,5730.0,9744.0,19513.0,1469.0,2425.0,413.0
623,WISCONSIN,38,7/14,36942.0,6145.0,10263.0,21542.0,1575.0,2555.0,456.0
624,WISCONSIN,38,7/17,39627.0,6486.0,10721.0,23468.0,1663.0,2669.0,497.0
625,WISCONSIN,38,7/21,43018.0,6925.0,11253.0,25636.0,1775.0,2801.0,543.0
626,WISCONSIN,38,7/24,45899.0,7222.0,11706.0,27629.0,1851.0,2914.0,585.0
627,WISCONSIN,38,7/28,50179.0,7716.0,12439.0,30577.0,1978.0,3096.0,648.0
628,WISCONSIN,38,7/31,52108.0,7900.0,12828.0,31927.0,2025.0,3193.0,676.0
629,WISCONSIN,38,8/04,55328.0,8222.0,13343.0,34144.0,2108.0,3321.0,723.0
630,WISCONSIN,38,8/07,57779.0,8403.0,13763.0,35970.0,2154.0,3426.0,762.0
631,WISCONSIN,38,8/11,61061.0,8697.0,14189.0,38282.0,2229.0,3532.0,811.0
632,WISCONSIN,38,8/14,63206.0,8858.0,14448.0,39874.0,2271.0,3596.0,844.0
633,WISCONSIN,38,8/18,66196.0,9081.0,14810.0,42070.0,2328.0,3686.0,891.0
634,WISCONSIN,38,8/21,69059.0,9274.0,15220.0,44207.0,2377.0,3788.0,936.0
635,WISCONSIN,38,8/25,70854.0,9472.0,15457.0,45493.0,2428.0,3847.0,963.0
636,WISCONSIN,38,8/28,75337.0,9679.0,16001.0,48915.0,2481.0,3983.0,1036.0
637,WISCONSIN,38,9/01,75603.0,9705.0,16032.0,49115.0,2488.0,3991.0,1040.0
638,WISCONSIN,38,9/04,79354.0,9873.0,16456.0,52060.0,2531.0,4096.0,1103.0
639,WISCONSIN,38,9/08,82477.0,9963.0,16715.0,54479.0,2554.0,4161.0,1154.0
640,WISCONSIN,38,9/11,84881.0,10026.0,16896.0,56295.0,2570.0,4206.0,1192.0
641,WISCONSIN,38,9/15,91304.0,10190.0,17400.0,61446.0,2612.0,4331.0,1301.0
642,WISCONSIN,38,9/18,97279.0,10391.0,17886.0,66165.0,2664.0,4452.0,1401.0
643,WISCONSIN,38,9/22,104170.0,10613.0,18455.0,71579.0,2721.0,4594.0,1516.0
